1,Carolyn Vasquez
2,Gary Patterson
3,Jack Arnold
4,Martha Howell
5,Billy Warren
6,Laura Shaw
7,Paul Gordon
8,Ronald Duncan
9,Kelly Jones
10,Arthur Rogers
11,Joseph Sanders
12,John Cooper
13,Louise Williamson
14,Ralph Hayes
15,Ruth Cole
16,Kathryn Spencer
17,Daniel Hayes
18,Jerry Riley
19,Walter Watson
20,Raymond Cook
21,Andrea Fuller
22,Lillian Holmes
23,Raymond Bowman
24,Randy Fernandez
25,Sarah Hunt
26,Victor Andrews
27,Carolyn Fields
28,Theresa Peterson
29,Gregory Foster
30,Karen Pierce
31,Kelly Day
32,Kathy Grant
33,Cheryl Roberts
34,Michelle Murray
35,Justin Cook
36,Kathryn Hunt
37,Jason Lawrence
38,Steve Cruz
39,Harold Bradley
40,Janice Gonzalez
41,Antonio Rice
42,Benjamin Miller
43,Jack Burton
44,Christine Reed
45,Marilyn Ruiz
46,Judy Ellis
47,Paula Stevens
48,Raymond Kim
49,Thomas Campbell
50,Justin Walker
51,Andrew Carter
52,Gerald Fields
53,Catherine Baker
54,Jonathan Lewis
55,Jessica Reid
56,Jonathan Kim
57,Louis Ward
58,Heather Romero
59,Peter Thomas
60,Mary Warren
61,Martha Gutierrez
62,Ruby Medina
63,Irene Ellis
64,Albert Garza
65,Peter Coleman
66,Roger Fowler
67,Bonnie Roberts
68,Arthur Gray
69,Ryan Morris
70,Phyllis Wheeler
71,Catherine Hamilton
72,Nicole Perez
73,Heather Nichols
74,Craig Alexander
75,Ruby King
76,Edward Hunter
77,Sara Nelson
78,Tammy Perez
79,Jean Fisher
80,Jack Watkins
81,George Kelly
82,Barbara Robertson
83,Charles Fuller
84,Cheryl Dunn
85,Eric Freeman
86,Frances Montgomery
87,Theresa Stephens
88,Kathleen Campbell
89,Kathy George
90,Kathleen Gibson
91,Anna Ward
92,Julie Wheeler
93,Irene Griffin
94,Angela Butler
95,Antonio Davis
96,Thomas Oliver
97,Timothy Howard
98,Kathryn Kennedy
99,Christina Myers
100,Martin Washington
101,Todd Snyder
102,Ann Wells
103,Dennis Miller
104,Phillip Alvarez
105,Martha Simmons
106,Teresa Hansen
107,Melissa King
108,Carol Cox
109,Timothy Evans
110,Brandon Greene
111,Richard Lewis
112,James Greene
113,Roy Bowman
114,Charles Anderson
115,Antonio Kim
116,Rebecca Little
117,Jeffrey Burns
118,Anthony Bennett
119,Robin George
120,Louise Butler
121,Carl Hart
122,Juan Cox
123,Alan Dean
124,Patrick Reed
125,Antonio Mitchell
126,Joshua Dunn
127,Gary Ray
128,Jose Lane
129,Gerald Castillo
130,Sean Crawford
131,Lisa Torres
132,Stephen Carroll
133,Norma Lopez
134,Donna Duncan
135,Ryan Morris
136,Richard Russell
137,Ruth Coleman
138,Michelle Sims
139,Bruce Grant
140,Daniel Owens
141,Shirley Holmes
142,Janet Dunn
143,Lawrence Stanley
144,Pamela Matthews
145,Michael Gibson
146,Teresa Rivera
147,Diana Jordan
148,Douglas Williamson
149,Frank Jones
150,Dorothy Jenkins
151,Raymond Grant
152,Shirley Wells
153,Gregory Kelley
154,Kevin Franklin
155,Johnny Daniels
156,Timothy Fields
157,Virginia Fisher
158,Ryan Lawson
159,Donald Lopez
160,Andrew Sullivan
161,Sharon Wilson
162,Raymond Jordan
163,Virginia Ross
164,Marie Hunt
165,Jean Henderson
166,Patricia Welch
167,Janet Williams
168,Jerry Hunter
169,Jeffrey Mcdonald
170,Lori Welch
171,Ruth Bryant
172,Deborah Fisher
173,Howard Sullivan
174,Clarence Reed
175,Cheryl Johnston
176,Chris Dixon
177,Craig Nguyen
178,Jimmy Stone
179,Robert Gutierrez
180,Johnny Campbell
181,Brandon Jordan
182,Linda Kelly
183,Barbara Graham
184,Eric Graham
185,Louis Chapman
186,Albert Carpenter
187,Jose Montgomery
188,Anthony Johnson
189,Gloria Armstrong
190,Kathryn Reid
191,Janice Ryan
192,Matthew Ryan
193,Henry Evans
194,Laura Ferguson
195,Chris Bailey
196,Lori Nelson
197,Lisa Gibson
198,Richard Nguyen
199,John Reynolds
200,Bonnie Nichols
201,Sara Watson
202,Debra Lane
203,Jason Cooper
204,Juan Gonzalez
205,Fred Stone
206,Virginia Stephens
207,Patricia Burns
208,Craig Taylor
209,Kathryn Rose
210,Jeremy Ramirez
211,Eugene Kelly
212,Benjamin Stone
213,Jack Perry
214,Brandon Fernandez
215,Marie Perkins
216,Brenda Jackson
217,Martha Evans
218,Eric Romero
219,Beverly Lane
220,Johnny Fowler
221,Christina Clark
222,Roy Crawford
223,Richard Robinson
224,Fred Brown
225,Sandra Rodriguez
226,Angela Knight
227,Beverly Rose
228,Paul Gutierrez
229,Cheryl Nichols
230,Carolyn Cook
231,Walter Garza
232,Wanda Gonzales
233,Emily Brown
234,Shirley Butler
235,Roger Fuller
236,Terry Marshall
237,Michael Stephens
238,Billy Ford
239,Michael Thomas
240,Ruth Gardner
241,Phillip Morgan
242,Carol Foster
243,Irene Graham
244,Joshua Oliver
245,Melissa Myers
246,Ann Henry
247,Dorothy Wilson
248,Lois Weaver
249,Michael Bennett
250,Gregory Miller
251,Paul Mccoy
252,Tina Garrett
253,Frank Gardner
254,Irene Smith
255,Joe Simpson
256,Diana Webb
257,Patrick Stone
258,Howard Ramos
259,Rebecca Jones
260,Eric Gray
261,Andrea Adams
262,Harold Carr
263,Wanda Hicks
264,Katherine Moore
265,Judy Miller
266,Russell Lee
267,Steven Greene
268,Kathleen Gray
269,Russell Howard
270,Russell Rogers
271,Rachel Grant
272,Bobby Moreno
273,Diana Boyd
274,Shirley Franklin
275,Edward Sims
276,Kelly Bishop
277,Daniel Reed
278,Donna Banks
279,Carol Kelley
280,Earl Weaver
281,Douglas Gray
282,Phillip Gonzales
283,Adam Webb
284,Virginia Scott
285,Lillian Sanders
286,Joan Sanchez
287,Paula Payne
288,Harry Meyer
289,Patrick Scott
290,Ernest Hayes
291,Antonio Collins
292,Paul King
293,Heather Bowman
294,Julia Young
295,Sara Evans
296,Fred Reynolds
297,Alan Andrews
298,Judy Rose
299,Justin Kelley
300,Bruce Murray
301,Mildred Medina
302,Margaret Wallace
303,Ernest Lopez
304,Frances Pierce
305,Linda Lopez
306,Deborah Dean
307,Willie Vasquez
308,Deborah Black
309,Annie James
310,Joe Powell
311,Albert Perez
312,Katherine Myers
313,Stephen Watkins
314,Edward Daniels
315,Earl Harrison
316,Benjamin Rivera
317,Earl Gonzalez
318,Rachel Dunn
319,Judith Crawford
320,Joan Bell
321,Catherine West
322,Theresa Bailey
323,Craig West
324,Patricia Long
325,Evelyn Larson
326,Jessica Hawkins
327,Mary Perkins
328,Gerald Campbell
329,Tammy Fisher
330,Jeremy Davis
331,Ronald Phillips
332,Sean Martinez
333,Karen Martin
334,Ronald Hunter
335,Adam Sullivan
336,Martin Oliver
337,Catherine Harper
338,Jimmy Ray
339,Frank Woods
340,Kathryn Myers
341,Louise Lopez
342,George Johnson
343,Joan Wilson
344,Beverly Alexander
345,Ronald Warren
346,Louise Simmons
347,Jacqueline Hansen
348,Louis Day
349,Juan Lopez
350,Jose Cooper
351,Ruth Mills
352,Peter Robinson
353,Laura Wood
354,Randy Hanson
355,Denise Walker
356,Daniel Stanley
357,Betty Simpson
358,Walter Wells
359,Margaret Ellis
360,Andrea Webb
361,Lois Ortiz
362,Jerry Jordan
363,Phyllis Parker
364,Michael Jackson
365,Irene Murray
366,Ruth Allen
367,Gary Hicks
368,Mark Fisher
369,Martha Bradley
370,Harry Long
371,Kathy Freeman
372,Edward Ortiz
373,Angela Greene
374,Judith Foster
375,Randy Chavez
376,Jesse Sanchez
377,Roy Bell
378,Terry Thompson
379,Howard Armstrong
380,Debra Hunt
381,Jose Ward
382,Matthew Henderson
383,Russell Holmes
384,Roy Morrison
385,Marilyn Owens
386,Roger Nguyen
387,Pamela Lawrence
388,Janet Arnold
389,Keith Marshall
390,Doris Wheeler
391,Scott Garcia
392,Carolyn Peters
393,Arthur Clark
394,Phillip Garrett
395,Chris Banks
396,Kevin Tucker
397,Frances Smith
398,Stephanie Cole
399,Tina Bennett
400,Harry Duncan
401,Carl West
402,Matthew Lawson
403,William Berry
404,Justin Bell
405,Willie Schmidt
406,Terry Kim
407,Julie Chapman
408,Denise Carroll
409,Stephen Ortiz
410,Kathryn Shaw
411,Lawrence Parker
412,Helen Willis
413,Stephanie Shaw
414,Doris Stevens
415,Julie Castillo
416,Helen Romero
417,Jean Roberts
418,Antonio Evans
419,Daniel Nguyen
420,Ruth Nichols
421,Douglas Reynolds
422,Robert Peters
423,Mary Adams
424,Janice Stewart
425,Bruce Perez
426,Jimmy Brooks
427,Jimmy Gibson
428,Bonnie Mcdonald
429,John Chapman
430,Teresa Campbell
431,Antonio Cunningham
432,Julia Bishop
433,Joshua Butler
434,Phillip Hall
435,Michelle Graham
436,Peter Ellis
437,Elizabeth Howell
438,Barbara Morgan
439,Rebecca Walker
440,Mary Payne
441,Bonnie Brown
442,Robin Hunt
443,Jerry Hamilton
444,Donna Coleman
445,John White
446,Victor Spencer
447,Rose Bowman
448,Pamela Harvey
449,Howard Harrison
450,Michael Mills
451,Kelly Burton
452,Angela Gordon
453,Kenneth Knight
454,Irene Cooper
455,Rachel Morrison
456,Steven West
457,Thomas Wallace
458,Janice Freeman
459,Michael Fisher
460,Arthur Black
461,Diana Simmons
462,Jesse Tucker
463,Elizabeth Hicks
464,Russell Sullivan
465,Jesse Russell
466,Carlos Thomas
467,Janet Fields
468,Ryan Miller
469,Steven Fisher
470,Howard Carr
471,Joseph Howell
472,Samuel Collins
473,Virginia Hunter
474,Johnny Daniels
475,Todd Peters
476,Michelle Jenkins
477,Susan Watkins
478,Robin Riley
479,Marilyn Roberts
480,Roger Harris
481,Lisa Cunningham
482,Joyce Kim
483,Ernest Edwards
484,Ronald Cox
485,Gerald Rice
486,Charles Reed
487,Shawn Hamilton
488,Joshua Richards
489,Susan Wheeler
490,Roy Walker
491,Jerry Lewis
492,Theresa Knight
493,Susan Walker
494,Chris Carpenter
495,Joe Lynch
496,Alan Stewart
497,Steven Cox
498,Douglas Dunn
499,Phillip Lynch
500,Billy Weaver
501,Roy Thomas
502,Melissa Ferguson
503,Steve Webb
504,Virginia Harper
505,Ashley Lynch
506,David King
507,Marilyn Torres
508,Paul Lane
509,Andrea Pierce
510,Dorothy Scott
511,Shirley Stanley
512,Thomas Marshall
513,Jesse Lewis
514,Judith Larson
515,Marilyn Ferguson
516,Shawn Thompson
517,Rachel Hunt
518,Norma Lewis
519,Christine Lawson
520,Wayne Ramirez
521,Howard Palmer
522,Benjamin Mitchell
523,Frances Gonzales
524,Lois Hughes
525,Fred Holmes
526,Gregory Butler
527,Albert Hughes
528,Keith Berry
529,William Bell
530,Janice Daniels
531,Peter Thompson
532,Joshua Berry
533,Catherine Ford
534,Nicholas Gibson
535,Roy Dixon
536,Roy Lane
537,Gerald Chavez
538,Mark Castillo
539,Eric Morris
540,Henry Arnold
541,Jack Hill
542,Sandra Mccoy
543,Ashley Moreno
544,Dennis Hudson
545,Douglas Montgomery
546,Ralph Harrison
547,Richard Hamilton
548,Lisa Bailey
549,Paula Mason
550,Diane Weaver
551,Margaret Day
552,Raymond Stone
553,Betty Carter
554,Wayne Mitchell
555,Martin Freeman
556,Bobby Bailey
557,Chris Richardson
558,Bonnie Ford
559,Albert Armstrong
560,Betty Chapman
561,Joyce Coleman
562,Michelle Allen
563,Carol Black
564,Catherine Allen
565,Mary Medina
566,Samuel Day
567,Robert Nguyen
568,Victor Russell
569,Tina Simpson
570,Shawn Richardson
571,Christina Sims
572,Paul Parker
573,Doris Hunt
574,Ronald Thomas
575,Alan Cruz
576,Ronald Howard
577,Beverly Garza
578,Ruth Mills
579,Stephanie Coleman
580,Steven Perry
581,Eugene Garza
582,Cynthia Simmons
583,Henry Fowler
584,Jesse Jones
585,Michael Hart
586,Rebecca Gonzalez
587,Shawn Garza
588,Lawrence Willis
589,Ronald Garcia
590,Jean Dixon
591,Henry Ferguson
592,Kelly Chavez
593,Andrea Graham
594,Sean Harvey
595,Sharon Gomez
596,Edward Holmes
597,Maria Stanley
598,Gloria Harris
599,Jane Lynch
600,Ann Baker
601,Arthur Mills
602,Jean Gilbert
603,Donald Frazier
604,Roy Perez
605,Wanda Olson
606,Shirley Cooper
607,Kelly Hanson
608,Fred Washington
609,Ruth Price
610,Nicholas Bowman
611,Sarah Tucker
612,Andrew Kelly
613,Judith King
614,Lori Green
615,Nicole Austin
616,Shirley Morris
617,Chris Stone
618,Patrick Hughes
619,Scott Fields
620,Adam Carter
621,Shawn Elliott
622,Jerry Taylor
623,Tina Fox
624,Justin Barnes
625,Kathryn Berry
626,Debra Oliver
627,Donna Hanson
628,Lillian Ortiz
629,Doris Oliver
630,Sharon Pierce
631,Debra Foster
632,Daniel Perkins
633,Janet Rodriguez
634,Diana Foster
635,Shirley Gibson
636,Timothy Miller
637,Diana Robertson
638,Bonnie Little
639,Marie Hayes
640,Samuel Hayes
641,Evelyn Greene
642,John Adams
643,Rebecca Lawrence
644,Wanda Gonzalez
645,Christopher Bennett
646,Douglas Stewart
647,Dorothy Hudson
648,Carol Russell
649,Gregory Fields
650,Johnny Perry
651,Melissa Nelson
652,Linda Ruiz
653,Norma Garcia
654,Norma Perry
655,Willie Howell
656,Martha Bryant
657,Earl Lawrence
658,Marilyn Mason
659,Gerald Snyder
660,Jeremy Mccoy
661,Carlos Fuller
662,Walter Franklin
663,Betty Hamilton
664,Dennis Wilson
665,Shirley Gutierrez
666,Stephanie Austin
667,William Ryan
668,Dennis Little
669,Denise Price
670,Lisa Rodriguez
671,Phillip Webb
672,Robert Andrews
673,Ashley George
674,Katherine Palmer
675,Bobby Phillips
676,Paula Johnston
677,Carolyn Hunter
678,Thomas Hunter
679,Bruce Nichols
680,Kathryn Wood
681,Karen West
682,Ronald Patterson
683,Rebecca Alexander
684,Peter Patterson
685,Donald Wells
686,Chris Gonzalez
687,Karen Morales
688,Alice Bell
689,Daniel Duncan
690,Chris Sims
691,Brenda Palmer
692,Robin Taylor
693,Sara Ray
694,James Simmons
695,Robert Carter
696,Gloria Moore
697,Paula Hill
698,Teresa Coleman
699,Ralph Roberts
700,Lisa Lane
701,Larry Olson
702,Jonathan Garza
703,Jeffrey Thomas
704,Thomas Wagner
705,Jonathan Morris
706,Johnny Willis
707,Lois Fields
708,Charles Cole
709,Patrick Garcia
710,Joyce Rice
711,Christopher Warren
712,Carol Hanson
713,Norma Lynch
714,Arthur Fernandez
715,Angela Rivera
716,Todd Morris
717,Diana Green
718,Nicole Gardner
719,Michael Williamson
720,Joan Rice
721,Shawn Burke
722,Samuel Nelson
723,Lisa Henry
724,Ruby Berry
725,Paula Torres
726,Debra Lane
727,Julia Kennedy
728,Deborah Carr
729,Evelyn Bennett
730,Aaron Frazier
731,Irene Armstrong
732,Ryan Fowler
733,Jeffrey Kelly
734,Earl Gutierrez
735,Edward Fox
736,Susan Mason
737,Eugene Carr
738,Helen Marshall
739,Mildred Hansen
740,Anna Carpenter
741,Robin Washington
742,Cynthia Butler
743,Tina Adams
744,Robert Griffin
745,Ernest Mccoy
746,Tina Russell
747,Samuel Williamson
748,Andrew Harris
749,Tammy Fields
750,Carolyn Lane
751,Barbara George
752,Norma Berry
753,Sandra Foster
754,Amanda Cooper
755,Daniel Cox
756,Michael Mcdonald
757,Jerry Larson
758,Wanda Berry
759,James Mills
760,Emily Gutierrez
761,Marilyn Collins
762,Louise Bishop
763,Steven Freeman
764,Diana Nguyen
765,Carl Gonzales
766,Roy Ward
767,Kelly Cooper
768,Virginia Hamilton
769,Lisa Wells
770,Pamela Morales
771,Jimmy Moreno
772,Pamela Stanley
773,Kathleen Robinson
774,Joseph Turner
775,Ann Hughes
776,Andrea Vasquez
777,Virginia Robinson
778,Harold Long
779,Johnny Cooper
780,Janet Adams
781,Ralph Johnson
782,Irene Stephens
783,Andrew Duncan
784,Aaron Phillips
785,Andrea Davis
786,Aaron Adams
787,Evelyn Gomez
788,Jeremy Morris
789,Anna Jordan
790,Walter Owens
791,Rachel Wright
792,Sharon Kennedy
793,Doris Richards
794,Lori Hicks
795,Justin Lane
796,Karen Fowler
797,Jose Rogers
798,Beverly Jenkins
799,Annie Collins
800,Andrew Jackson
801,Carol Warren
802,Victor Little
803,Brian Johnston
804,Louis Kim
805,Jane Chavez
806,Emily Gonzales
807,Carol Kelly
808,Kathryn Snyder
809,Amy Morales
810,Scott Meyer
811,Louis Cruz
812,Arthur Olson
813,Jesse Sanchez
814,Richard Bell
815,Ann Garcia
816,Mark Frazier
817,Ernest Dixon
818,Keith Powell
819,Wayne Ramos
820,Lawrence Ray
821,Timothy Carr
822,Eric Davis
823,Eugene Hart
824,Howard Wilson
825,Michael Lawrence
826,Carlos Mitchell
827,Jeffrey Mccoy
828,Alan Alvarez
829,James Reid
830,Antonio Watson
831,Lois Lawrence
832,Gregory Morris
833,Shirley Richards
834,Jason Gardner
835,Joan Garrett
836,David Little
837,Gregory Perry
838,Christine Cox
839,Johnny Hansen
840,Evelyn Flores
841,Jeremy Wright
842,Kathy Romero
843,Marilyn Olson
844,Alan Weaver
845,Ashley Freeman
846,Kathy Miller
847,Jonathan Olson
848,Anna Boyd
849,Debra Campbell
850,John Moreno
851,Helen Cooper
852,Heather Ray
853,Diane Spencer
854,Patricia Greene
855,Brandon Stewart
856,Ann Nichols
857,Kathryn Reid
858,Clarence Sanders
859,Phillip Woods
860,Dennis Sullivan
861,Jose Cooper
862,Irene Hart
863,Eric Bishop
864,Joan Payne
865,Evelyn Diaz
866,Andrea Sullivan
867,Donna Hudson
868,Jimmy Watkins
869,Maria Henry
870,Ruby Burns
871,Debra Matthews
872,Stephanie Carpenter
873,Cynthia Hall
874,Douglas Snyder
875,Brandon Montgomery
876,Judy Thomas
877,Sharon Jackson
878,Julie Ramos
879,Joshua Nichols
880,Emily Perkins
881,Diane Ford
882,Todd Greene
883,Daniel Wells
884,Phyllis Sullivan
885,Thomas Hughes
886,Sandra Peters
887,Alan Clark
888,Kathleen Gomez
889,Bobby Ford
890,Samuel Palmer
891,Beverly Martin
892,Patricia Daniels
893,Barbara Robinson
894,Teresa Hill
895,Kathleen Lopez
896,Wanda Campbell
897,Louise Graham
898,Jeremy Stanley
899,Aaron Spencer
900,Harold Johnston
901,Barbara Knight
902,Marilyn Romero
903,Randy Lane
904,Diane Ortiz
905,Keith Kelley
906,Sean Robertson
907,Debra Woods
908,Catherine Peters
909,Fred Gordon
910,Denise Hudson
911,Bruce Alvarez
912,Jack Chapman
913,Richard Crawford
914,Antonio Mason
915,Earl Jackson
916,Ann Gonzales
917,Anna Johnston
918,Bonnie Garcia
919,Melissa Cook
920,Linda Ferguson
921,Shirley Wright
922,Terry Dixon
923,Rachel Andrews
924,Beverly Grant
925,Pamela Johnston
926,Jimmy Simpson
927,Todd Carr
928,Tina Diaz
929,Anna Freeman
930,Jonathan Mason
931,Steve Torres
932,Jessica Howell
933,Betty Cook
934,George Spencer
935,David Sims
936,Joe Mills
937,Karen Green
938,Patrick Carroll
939,Tina Moreno
940,Virginia Simmons
941,Elizabeth Welch
942,Stephanie Weaver
943,Jeffrey George
944,Virginia Fields
945,Nicole Wallace
946,Jane Stone
947,Steve Taylor
948,Susan Richards
949,Howard Hudson
950,Lori Cook
951,Diane Adams
952,Dorothy Hicks
953,Ann Robertson
954,Rebecca Sanders
955,David Romero
956,Gary Davis
957,Ann Bowman
958,Gary Fisher
959,Stephen Lynch
960,Julia Ellis
961,Dennis Powell
962,Ryan Morales
963,Louise Ferguson
964,Jeremy Bryant
965,Karen Lynch
966,David Washington
967,Arthur Tucker
968,Sara Medina
969,James Baker
970,Janet Stewart
971,Jean Ramirez
972,Joan Johnston
973,Arthur Cooper
974,Julie Hunter
975,Marilyn Hicks
976,Cheryl Campbell
977,Joshua Murray
978,Kevin Carr
979,Craig Boyd
980,Alice Carr
981,Angela Brown
982,Joan Stewart
983,Carol Baker
984,Douglas Garza
985,Carlos Diaz
986,Keith Spencer
987,Kelly Larson
988,Scott Butler
989,Rachel Frazier
990,Amy Peterson
991,Terry Diaz
992,Gregory West
993,Kenneth Lawson
994,Timothy Gilbert
995,Lisa Day
996,Beverly Payne
997,Paula Nichols
998,Dorothy Snyder
999,Gloria Stevens
1000,Kathy Simmons
